{
  "flutter": {
    "platforms": {
      "android": {
        "default": {
          "projectId": "tugas-akhir-3c0d9",
          "appId": "1:250405337714:android:302f9d75ac767bc367e0eb",
          "fileOutput": "android/app/google-services.json"
        }
      },
      "dart": {
        "lib/firebase_options.dart": {
          "projectId": "tugas-akhir-3c0d9",
          "configurations": {
            "android": "1:250405337714:android:302f9d75ac767bc367e0eb",
            "ios": "1:250405337714:ios:2c5c20a15663e29667e0eb",
            "macos": "1:250405337714:ios:2c5c20a15663e29667e0eb",
            "web": "1:250405337714:web:1b12e775b538760267e0eb",
            "windows": "1:250405337714:web:1b12e775b538760267e0eb"
          }
        }
      }
    }
  },
  "functions": [
    {
      "source": "functions",
      "codebase": "default",
      "ignore": [
        "node_modules",
        ".git",
        "firebase-debug.log",
        "firebase-debug.*.log",
        "*.local"
      ],
      "predeploy": [
       
      ]
    }
  ]
}
